{"cameraMode":{"drawMode":0,"name":"Shaded","section":"Shading Mode"},"sceneLighting":true,"audioPlay":false,"sceneViewState":{"showFog":true,"showMaterialUpdate":true,"showSkybox":true,"showFlares":true,"showImageEffects":true,"showParticleSystems":true},"in2DMode":false,"pivot":{"x":0.9140082597732544,"y":1.252024531364441,"z":-0.21791476011276246},"rotation":{"x":-0.038734231144189838,"y":-0.20683376491069795,"z":-0.008197261020541191,"w":0.9775843024253845},"size":5.726456642150879,"orthographic":false}