{"cameraMode":{"drawMode":0,"name":"Shaded","section":"Shading Mode"},"sceneLighting":true,"audioPlay":false,"sceneViewState":{"showFog":true,"showMaterialUpdate":true,"showSkybox":true,"showFlares":true,"showImageEffects":true,"showParticleSystems":true},"in2DMode":false,"pivot":{"x":0.024486124515533448,"y":1.68289315700531,"z":-0.2848193049430847},"rotation":{"x":0.12183487415313721,"y":-0.5846374034881592,"z":-0.08909936249256134,"w":-0.797269344329834},"size":0.9762498736381531,"orthographic":false}